operator,route,from,to,karsog_time,karsog_kind,stops,as_of,source,note
Manohar Bus Service,Karsog – Shimla,Karsog,Shimla ISBT,04:40,dep,,2025-26,https://www.facebook.com/photo/?fbid=939054663582847,Two Manohar buses run on this route
Manohar Bus Service,Karsog – Shimla,Karsog,Shimla ISBT,07:30,dep,,2025-26,https://www.facebook.com/photo/?fbid=939054663582847,
Manohar Bus Service,Shimla – Karsog,Shimla ISBT,Karsog,16:40,arr,Shimla ISBT 11:00,Aug 2026,https://www.facebook.com/photo/?fbid=122183321012616859,Arrival time from a separate Aug 2026 post
Ayush Nipun Bus Service,Karsog – Shimla,Karsog,Shimla ISBT,13:00,dep,,Jun 2026,https://www.facebook.com/reel/1039948038424703/,
Ayush Nipun Bus Service,Shimla – Karsog,Shimla ISBT,Karsog,,arr,Shimla ISBT 06:00,Jun 2026,https://www.facebook.com/reel/1039948038424703/,
VIP Coach,Karsog – Sundernagar – Mandi,Karsog,Mandi,04:40,dep,,2025-26,https://www.facebook.com/photo/?fbid=1671441827321908,
VIP Coach,Karsog – Sundernagar – Mandi,Karsog,Mandi,06:00,dep,Sundernagar 10:30 · Mandi 11:30,Sep 2026,https://www.facebook.com/mukesh.chauhan.184253/posts/pfbid0sy4xb7VLFEGRL5Qh5MsZfTBLPpMP7NXx1qMCSaMyHufAFoPLnmT1Uee7t8rX1qeVl,
VIP Coach (Blue Line),Karsog – Sundernagar,Karsog,Sundernagar,07:10,dep,,2025-26,https://www.facebook.com/photo/?fbid=122306616272229581,Bus still carries the old Blue Line name
VIP Coach,Mandi – Sundernagar – Karsog,Mandi,Karsog,,arr,Mandi 11:50 · Sundernagar 12:45,2025-26,https://www.facebook.com/photo/?fbid=1671441827321908,
VIP Coach (Blue Line),Sundernagar – Karsog,Sundernagar,Karsog,,arr,Sundernagar 12:00,2025-26,https://www.facebook.com/photo/?fbid=122306616272229581,
VIP Coach,Mandi – Sundernagar – Karsog,Mandi,Karsog,19:00,arr,Mandi 12:30 · Sundernagar 13:40,Sep 2026,https://www.facebook.com/mukesh.chauhan.184253/posts/pfbid0sy4xb7VLFEGRL5Qh5MsZfTBLPpMP7NXx1qMCSaMyHufAFoPLnmT1Uee7t8rX1qeVl,Arrival is approximate
Sheetla Bus Service,Sundernagar – Karsog,Sundernagar,Karsog,,arr,Sundernagar 06:35,2025-26,https://www.facebook.com/photo/?fbid=1782603439539079,
Sheetla Bus Service,Karsog – Sundernagar,Karsog,Sundernagar,13:25,dep,,2025-26,https://www.facebook.com/photo/?fbid=1782603439539079,
Sheetla Bus Service,Sundernagar – Karsog,Sundernagar,Karsog,14:45,arr,Sundernagar 10:00,2025-26,https://www.facebook.com/photo/?fbid=1778586409940782,
Sheetla Bus Service,Karsog – Sundernagar,Karsog,Sundernagar,16:15,dep,Sundernagar 20:45,2025-26,https://www.facebook.com/photo/?fbid=1778586409940782,
Chetan Bus Service,Kamaksha – Karsog – Sundernagar,Kamaksha,Sundernagar,07:55,dep,Kamaksha 07:15 · Sundernagar ~13:00,Sep 2025,https://www.facebook.com/photo/?fbid=1498795434586549,Runs via Bithri from 7 Sep 2025
Chetan Bus Service,Sundernagar – Karsog – Kamaksha,Sundernagar,Kamaksha,20:00,arr,Sundernagar 15:05 · Kamaksha ~20:30,2025,https://www.facebook.com/photo/?fbid=1780217886444301,Arrival is approximate
Lajhari Bus Service,Brahog – Karsog – Kamaksha,Brahog,Kamaksha,10:00,arr,Brahog 07:20 · Pangna 08:35 · Churag 09:15 · Kamaksha 10:30,Dec 2025,https://www.facebook.com/photo/?fbid=1764232011376222,Service started 11 Dec 2025
Lajhari Bus Service,Kamaksha – Karsog,Kamaksha,Karsog,,arr,Kamaksha 10:40,Dec 2025,https://www.facebook.com/photo/?fbid=1764232011376222,
Lajhari Bus Service,Karsog – Kamaksha – Karsog,Karsog,Kamaksha,14:00,dep,Kamaksha 14:30 (return),Dec 2025,https://www.facebook.com/photo/?fbid=1764232011376222,
Lajhari Bus Service,Karsog – Pangna – Brahog,Karsog,Brahog,15:25,dep,Churag 16:25 · Pangna 17:25 · Brahog 18:30,Dec 2025,https://www.facebook.com/photo/?fbid=1764232011376222,
Sharma Bus Service,Karsog – Rampur,Karsog,Rampur,07:30,dep,,Jun 2026,https://www.facebook.com/reel/1926469804714452/,
Sharma Bus Service,Karol – Karsog – Hamirpur,Karol,Hamirpur,08:40,dep,Karol 07:40 · Kamaksha 08:00 · Sundernagar 13:24 · Nerchowk 13:48 · Jahu 15:10 · Hamirpur 17:05,Sep 2026,https://www.facebook.com/mukesh.chauhan.184253/posts/pfbid02bLxhijnmAk4pbBnqQAZyaoAMM4sp8pkM2oPih63puMmjPeMfC9mwDWyrS4JN8Uuql,One commenter disputed these times
Sharma Bus Service,Hamirpur – Karsog – Karol,Hamirpur,Karol,15:50,dep,Hamirpur 06:20 · Jahu 08:20 · Sundernagar 10:50 · Churag 14:50 · Kamaksha 16:30 · Karol 16:45,Sep 2026,https://www.facebook.com/mukesh.chauhan.184253/posts/pfbid02bLxhijnmAk4pbBnqQAZyaoAMM4sp8pkM2oPih63puMmjPeMfC9mwDWyrS4JN8Uuql,One commenter disputed these times
Radhika Bus Service,Salana – Churag – Karsog,Salana,Karsog,09:30,arr,Salana 07:35 · Dharmod 08:00 · Churag 08:45,2025-26,https://www.facebook.com/photo/?fbid=1751292272670196,
Radhika Bus Service,Karsog – Dogri – Karsog,Karsog,Dogri,09:30,dep,Dogri 10:30 · back in Karsog 11:45,2025-26,https://www.facebook.com/photo/?fbid=1751292272670196,
Radhika Bus Service,Karsog – Syanj Bagra,Karsog,Syanj Bagra,09:15,dep,,Jun 2026,https://www.facebook.com/reel/1553148509849014/,
Radhika Bus Service,Karsog – Mehandi – Karsog,Karsog,Mehandi,12:15,dep,Mehandi 13:35 · back in Karsog 14:30,2025-26,https://www.facebook.com/photo/?fbid=1751292272670196,
Radhika Bus Service,Karsog – Chhatri – Ani,Karsog,Ani,13:00,dep,Chhatri 16:00,Oct 2025,https://www.facebook.com/dhoomsingh.bhardwaj.5/posts/pfbid027osZavYcgvt9rXBrjiBBfN3Q8QyH9mae5DBRRBXTEXPvNHhWCRSLbuAiQ9a9Bb8ol,
Radhika Bus Service,Ani – Chhatri – Karsog,Ani,Karsog,,arr,Ani 07:25 · Chhatri 09:15,Oct 2025,https://www.facebook.com/dhoomsingh.bhardwaj.5/posts/pfbid027osZavYcgvt9rXBrjiBBfN3Q8QyH9mae5DBRRBXTEXPvNHhWCRSLbuAiQ9a9Bb8ol,
Radhika Bus Service,Karsog – Churag – Salana,Karsog,Salana,16:30,dep,Churag 18:00 · Salana 19:00,2025-26,https://www.facebook.com/photo/?fbid=1751292272670196,
Radhika Bus Service,Karsog – Takrol,Karsog,Takrol,18:30,dep,,Jul 2026,https://www.facebook.com/reel/985429074321357/,
Hari Om Bus Service,Jhungi – Pangna – Tattapani – Shimla,Jhungi,Shimla ISBT,,,Jhungi 04:20 · Tattapani 07:10 · Shimla ISBT 09:40,Apr 2026,https://www.facebook.com/photo/?fbid=1665557697910321,Runs via Pangna and Churag; does not enter Karsog town
Hari Om Bus Service,Shimla – Tattapani – Pangna – Jhungi,Shimla ISBT,Jhungi,,,Shimla ISBT 11:30 · Tattapani 15:00 · Jhungi 18:00,Apr 2026,https://www.facebook.com/photo/?fbid=1665557697910321,Runs via Churag and Pangna; does not enter Karsog town
Bobby Bus Service,Tattapani – Shimla,Tattapani,Shimla,,,Tattapani 05:50,Feb 2026,https://www.facebook.com/photo/?fbid=1249105383760783,
HHH Bus Service,Solan – Arki – Tattapani,Solan,Tattapani,,,Solan 07:47 · Arki 10:55 · Sunni 13:55 · Tattapani 14:20,Aug 2025,https://www.facebook.com/dhami.valley.7/posts/pfbid02V6pZmvjCXpfykvCPdzjCJDi3BEbg8xDNUxZxJyNNLZ35bmDDGVqPX2etuowRqK4hl,
HHH Bus Service,Tattapani – Arki – Solan,Tattapani,Solan,,,Tattapani 15:00 · Sunni 15:20,Aug 2025,https://www.facebook.com/dhami.valley.7/posts/pfbid02V6pZmvjCXpfykvCPdzjCJDi3BEbg8xDNUxZxJyNNLZ35bmDDGVqPX2etuowRqK4hl,
